<application>
  <component name="VimEditorSettings">
    <editor />
  </component>
  <component name="VimHistorySettings">
    <history>
      <history-search>
        <entry>nacos</entry>
        <entry>f_zhenai_moment_\${yyyymmddd}_tmp01</entry>
        <entry>f_zhenai_moment_${yyyymmddd}_tmp01</entry>
        <entry>f_zhenai_moment_\$\{yyyymmddd\}_tmp01</entry>
        <entry>f_zhenai_moment_\$\{yyyymmdd\}_tmp01</entry>
        <entry>f_zhenai_moment_\${yyyymmdd}_tmp01</entry>
        <entry>zhenai.f_moment_detail_all_d</entry>
        <entry>zhenai.Content</entry>
        <entry>Content2_\${yyyymmdd}_tmp01</entry>
        <entry>database</entry>
        <entry>DataBase</entry>
        <entry>DataSour</entry>
        <entry>datasource</entry>
        <entry>data</entry>
        <entry>source</entry>
        <entry>Data</entry>
        <entry>Source</entry>
        <entry>out</entry>
        <entry>tran</entry>
        <entry>hibernate-validator.version</entry>
      </history-search>
      <history-cmd>
        <entry>1,$s/%(table_name_d)s/f_zhenai_mobile_device_d/g</entry>
        <entry>29,29s/'/&quot;/g</entry>
        <entry>96,115s/&quot;//g</entry>
        <entry>1,$s/tmp.sms_all_\${yyyymmdd}_tmp00/tmp.dwd_sms_common_d_tmp00_${yyyymmdd}/g</entry>
        <entry>1,$s/tmp.sms_all_\${yyyymmdd}_tmp01/tmp.dwd_sms_common_d_tmp01_${yyyymmdd}/g</entry>
        <entry>1,$s/tmp.sms_all_\${yyyymmdd}_tmp02/tmp.dwd_sms_common_d_tmp02_${yyyymmdd}/g</entry>
        <entry>1,$s/tmp.sms_all_\${yesterday}_tmp02/tmp.dwd_sms_common_d_tmp02_${yesterday}/g</entry>
        <entry>1,$s/tmp.sms_all_\${yesterday}_tmp00/tmp.dwd_sms_common_d_tmp00_${yesterday}/g</entry>
        <entry>1,$s/tmp.sms_all_\${yesterday}_tmp01/tmp.dwd_sms_common_d_tmp01_${yesterday}/g</entry>
        <entry>1,$s/f_zhenai_moment_\${yyyymmddd}_tmp01/dwd_za_moment_content_d_all_tmp01_${yyyymmdd}/g</entry>
        <entry>1,$s/f_zhenai_moment_${yyyymmddd}_tmp01/dwd_za_moment_content_d_all_tmp01_${yyyymmdd}/g</entry>
        <entry>1,$s/f_zhenai_moment_\$\{yyyymmddd\}_tmp01/dwd_za_moment_content_d_all_tmp01_${yyyymmdd}/g</entry>
        <entry>1,$s/f_zhenai_moment_\$\{yyyymmdd\}_tmp01/dwd_za_moment_content_d_all_tmp01_${yyyymmdd}/g</entry>
        <entry>1,$s/f_zhenai_moment_\${yyyymmdd}_tmp01/dwd_za_moment_content_d_all_tmp01_${yyyymmdd}/g</entry>
        <entry>1,$s/zhenai.f_moment_detail_all_d/dwd_za_moment_detail_d_all/g</entry>
        <entry>1,$s/zhenai.f_moment_detail_all_d/za_dwd.dwd_za_moment_detail_d_all/g</entry>
        <entry>1,$s/zhenai.Content/za_dwd.dwd_za_app_moment_content_d_all/g</entry>
        <entry>1,$s/Content2_\${yyyymmdd}_tmp01/dwd_za_app_moment_content_d_all_tmp01_${yyyymmdd}/g</entry>
        <entry encoding="base64">JzwsJz53</entry>
        <entry>w</entry>
      </history-cmd>
      <history-expr />
      <history-input />
    </history>
  </component>
  <component name="VimKeySettings">
    <shortcut-conflicts>
      <shortcut-conflict owner="vim">
        <text>ctrl pressed V</text>
      </shortcut-conflict>
      <shortcut-conflict owner="vim">
        <text>ctrl pressed S</text>
      </shortcut-conflict>
      <shortcut-conflict owner="vim">
        <text>ctrl pressed C</text>
      </shortcut-conflict>
      <shortcut-conflict owner="vim">
        <text>ctrl pressed R</text>
      </shortcut-conflict>
      <shortcut-conflict owner="vim">
        <text>ctrl pressed B</text>
      </shortcut-conflict>
      <shortcut-conflict owner="vim">
        <text>ctrl pressed J</text>
      </shortcut-conflict>
      <shortcut-conflict owner="vim">
        <text>ctrl pressed X</text>
      </shortcut-conflict>
      <shortcut-conflict owner="vim">
        <text>ctrl pressed A</text>
      </shortcut-conflict>
      <shortcut-conflict owner="vim">
        <text>ctrl pressed Y</text>
      </shortcut-conflict>
      <shortcut-conflict owner="vim">
        <text>ctrl pressed H</text>
      </shortcut-conflict>
      <shortcut-conflict owner="vim">
        <text>ctrl pressed L</text>
      </shortcut-conflict>
      <shortcut-conflict owner="vim">
        <text>ctrl pressed D</text>
      </shortcut-conflict>
      <shortcut-conflict owner="vim">
        <text>ctrl pressed F</text>
      </shortcut-conflict>
      <shortcut-conflict owner="vim">
        <text>ctrl pressed G</text>
      </shortcut-conflict>
      <shortcut-conflict owner="ide">
        <text>ctrl pressed K</text>
      </shortcut-conflict>
      <shortcut-conflict owner="vim">
        <text>ctrl pressed O</text>
      </shortcut-conflict>
      <shortcut-conflict owner="vim">
        <text>ctrl pressed I</text>
      </shortcut-conflict>
    </shortcut-conflicts>
  </component>
  <component name="VimMarksSettings">
    <globalmarks />
    <filemarks>
      <file name="D:/webtest/springboot-test1/pom.xml" timestamp="1629701896433">
        <mark key="[" line="53" column="56" />
        <mark key="]" line="54" column="32" />
        <mark key="." line="54" column="31" />
        <mark key="^" line="54" column="32" />
      </file>
      <file name="/a.dummy" timestamp="1629792585140">
        <mark key="[" line="0" column="0" />
      </file>
      <file name="D:/webtest/springboot-test1/src/main/java/com/vm/test/config/BeanConfiguration.java" timestamp="1629688172589">
        <mark key="[" line="30" column="0" />
        <mark key="]" line="30" column="0" />
        <mark key="." line="30" column="0" />
      </file>
      <file name="D:/webtest/springboot-test1/src/main/java/com/vm/test/annotation/VPhone.java" timestamp="1629706275810">
        <mark key="[" line="3" column="24" />
        <mark key="]" line="2" column="0" />
        <mark key="^" line="2" column="0" />
        <mark key="." line="2" column="0" />
      </file>
      <file name="D:/webtest/springboot-test1/src/main/java/com/vm/test/config/JsonResponse.java" timestamp="1629703062959">
        <mark key="[" line="56" column="38" />
        <mark key="]" line="56" column="39" />
        <mark key="." line="56" column="38" />
        <mark key="^" line="56" column="39" />
      </file>
      <file name="D:/webtest/springboot-test1/src/main/java/com/vm/test/action/TestController.java" timestamp="1629702192942">
        <mark key="[" line="39" column="70" />
        <mark key="]" line="40" column="35" />
        <mark key="." line="40" column="34" />
        <mark key="^" line="40" column="35" />
      </file>
      <file name="D:/webtest/springboot-test1/src/main/java/com/vm/test/TestApplication.java" timestamp="1629702202338">
        <mark key="[" line="12" column="0" />
        <mark key="]" line="12" column="0" />
        <mark key="." line="12" column="0" />
        <mark key="^" line="23" column="47" />
      </file>
      <file name="D:/webtest/springboot-test1/src/main/java/com/vm/test/component/ParamBean.java" timestamp="1629707288227">
        <mark key="[" line="25" column="25" />
        <mark key="]" line="24" column="10" />
        <mark key="." line="24" column="9" />
        <mark key="^" line="24" column="10" />
      </file>
      <file name="D:/webtest/springboot-test1/src/main/java/com/vm/test/config/IWebConfig.java" timestamp="1629705127580">
        <mark key="[" line="3" column="0" />
        <mark key="]" line="3" column="0" />
        <mark key="^" line="62" column="95" />
        <mark key="." line="3" column="0" />
      </file>
      <file name="D:/webtest/springboot-test1/src/main/java/com/vm/test/annotation/Phone.java" timestamp="1629707424613">
        <mark key="[" line="14" column="0" />
        <mark key="]" line="14" column="0" />
        <mark key="^" line="17" column="0" />
        <mark key="." line="14" column="0" />
      </file>
      <file name="D:/webtest/springboot-test1/src/test/java/com/vm/test/TestApplicationTests.java" timestamp="1629687223508">
        <mark key="[" line="6" column="0" />
        <mark key="]" line="6" column="0" />
        <mark key="." line="6" column="0" />
      </file>
      <file name="D:/webtest/springboot-test1/src/main/java/com/vm/test/config/ErrorView.java" timestamp="1629702786610">
        <mark key="'" line="23" column="40" />
        <mark key="[" line="23" column="0" />
        <mark key="]" line="23" column="0" />
        <mark key="." line="23" column="0" />
        <mark key="^" line="23" column="103" />
      </file>
      <file name="D:/webtest/springboot-test1/src/main/java/com/vm/test/annotation/PhoneValidator.java" timestamp="1629707686789">
        <mark key="[" line="28" column="111" />
        <mark key="]" line="29" column="21" />
        <mark key="." line="29" column="20" />
        <mark key="^" line="29" column="21" />
      </file>
      <file name="$MAVEN_REPOSITORY$/org/springframework/boot/spring-boot-dependencies/2.3.6.RELEASE/spring-boot-dependencies-2.3.6.RELEASE.pom" timestamp="1629701888233">
        <mark key="'" line="873" column="19" />
      </file>
      <file name="D:/webtest/springboot-test1/src/main/java/com/vm/test/component/TestBean1.java" timestamp="1629687780475">
        <mark key="[" line="12" column="49" />
        <mark key="]" line="12" column="47" />
        <mark key="." line="12" column="46" />
        <mark key="^" line="12" column="47" />
      </file>
      <file name="/fragment.java" timestamp="1629706403932">
        <mark key="[" line="0" column="0" />
      </file>
    </filemarks>
    <jumps>
      <jump line="1" column="0" filename="D:/compass/zhenai-data-warehouse/zhenai-data-warehouse-manager/src/main/java/com/zhenai/data/dao/migration/po/MigrationRecord.java" />
      <jump line="42" column="47" filename="D:/compass/zhenai-data-warehouse/zhenai-data-warehouse-manager/src/main/java/com/zhenai/data/controller/migration/MigrationController.java" />
      <jump line="0" column="0" filename="D:/compass/zhenai-data-warehouse/zhenai-data-warehouse-manager/src/main/java/com/zhenai/data/controller/migration/MigrationController.java" />
      <jump line="17" column="0" filename="D:/compass/zhenai-data-warehouse/zhenai-data-warehouse-manager/src/main/java/com/zhenai/data/service/migration/impl/MigrationServiceImpl.java" />
      <jump line="138" column="26" filename="D:/compass/zhenai-data-warehouse/zhenai-data-warehouse-manager/src/main/java/com/zhenai/data/service/migration/impl/MigrationSchedulerServiceImpl.java" />
      <jump line="125" column="0" filename="D:/compass/zhenai-data-warehouse/zhenai-data-warehouse-manager/src/main/java/com/zhenai/data/service/migration/impl/MigrationSchedulerServiceImpl.java" />
      <jump line="126" column="8" filename="D:/compass/zhenai-data-warehouse/zhenai-data-warehouse-manager/src/main/java/com/zhenai/data/service/migration/impl/MigrationSchedulerServiceImpl.java" />
      <jump line="128" column="1" filename="D:/compass/zhenai-data-warehouse/zhenai-data-warehouse-manager/src/main/java/com/zhenai/data/service/migration/impl/MigrationSchedulerServiceImpl.java" />
      <jump line="10" column="33" filename="D:/compass/zhenai-data-warehouse/zhenai-data-warehouse-manager/src/main/java/com/zhenai/data/service/table/impl/CommonService.java" />
      <jump line="157" column="5" filename="D:/compass/zhenai-data-warehouse/zhenai-data-warehouse-manager/src/main/java/com/zhenai/data/commons/utils/MySQLMetaDateUtils.java" />
      <jump line="48" column="0" filename="D:/compass/zhenai-data-warehouse/zhenai-data-warehouse-manager/src/main/java/com/zhenai/data/service/migration/impl/MigrationSchedulerServiceImpl.java" />
      <jump line="129" column="15" filename="D:/compass/zhenai-data-warehouse/zhenai-data-warehouse-manager/src/main/java/com/zhenai/data/service/migration/impl/MigrationSchedulerServiceImpl.java" />
      <jump line="132" column="51" filename="D:/compass/zhenai-data-warehouse/zhenai-data-warehouse-manager/src/main/java/com/zhenai/data/service/migration/impl/MigrationSchedulerServiceImpl.java" />
      <jump line="28" column="52" filename="D:/compass/zhenai-data-warehouse/zhenai-data-warehouse-manager/src/main/java/com/zhenai/data/service/migration/impl/MigrationSchedulerServiceImpl.java" />
      <jump line="134" column="17" filename="D:/compass/zhenai-data-warehouse/zhenai-data-warehouse-manager/src/main/java/com/zhenai/data/service/migration/impl/MigrationSchedulerServiceImpl.java" />
      <jump line="123" column="62" filename="D:/compass/zhenai-data-warehouse/zhenai-data-warehouse-manager/src/main/java/com/zhenai/data/service/migration/impl/MigrationSchedulerServiceImpl.java" />
      <jump line="55" column="30" filename="C:/Program Files/Java/jdk1.8.0_211/src.zip!/java/lang/Thread.java" />
      <jump line="90" column="6" filename="D:/compass/zhenai-data-warehouse/zhenai-data-warehouse-manager/src/main/java/com/zhenai/data/controller/migration/MigrationController.java" />
      <jump line="169" column="30" filename="D:/compass/zhenai-data-warehouse/zhenai-data-warehouse-manager/src/main/java/com/zhenai/data/service/migration/impl/MigrationSchedulerServiceImpl.java" />
      <jump line="78" column="3" filename="D:/compass/zhenai-data-warehouse/zhenai-data-warehouse-manager/src/main/java/com/zhenai/data/service/migration/impl/MigrationSchedulerServiceImpl.java" />
      <jump line="120" column="0" filename="D:/compass/zhenai-data-warehouse/zhenai-data-warehouse-manager/src/main/java/com/zhenai/data/service/migration/impl/RunScheduler.java" />
      <jump line="36" column="7" filename="D:/compass/zhenai-data-warehouse/zhenai-data-warehouse-manager/src/main/java/com/zhenai/data/service/migration/impl/RunScheduler.java" />
      <jump line="1" column="0" filename="D:/compass/zhenai-data-warehouse/zhenai-data-warehouse-manager/src/main/java/com/zhenai/data/service/migration/impl/RunScheduler.java" />
      <jump line="117" column="0" filename="D:/compass/zhenai-data-warehouse/zhenai-data-warehouse-manager/src/main/java/com/zhenai/data/service/migration/impl/RunScheduler.java" />
      <jump line="66" column="39" filename="D:/compass/zhenai-data-warehouse/zhenai-data-warehouse-manager/src/main/java/com/zhenai/data/service/migration/impl/MigrationSchedulerServiceImpl.java" />
      <jump line="25" column="67" filename="D:/compass/zhenai-data-warehouse/zhenai-data-warehouse-manager/src/main/java/com/zhenai/data/service/migration/impl/MigrationSchedulerServiceImpl.java" />
      <jump line="29" column="37" filename="D:/compass/zhenai-data-warehouse/zhenai-data-warehouse-manager/src/main/java/com/zhenai/data/service/migration/impl/MigrationSchedulerServiceImpl.java" />
      <jump line="69" column="38" filename="D:/compass/zhenai-data-warehouse/zhenai-data-warehouse-manager/src/main/java/com/zhenai/data/service/migration/impl/MigrationSchedulerServiceImpl.java" />
      <jump line="26" column="0" filename="D:/compass/zhenai-data-warehouse/zhenai-data-warehouse-manager/src/main/java/com/zhenai/data/service/migration/impl/MigrationSchedulerServiceImpl.java" />
      <jump line="30" column="0" filename="D:/compass/zhenai-data-warehouse/zhenai-data-warehouse-manager/src/main/java/com/zhenai/data/service/migration/impl/MigrationSchedulerServiceImpl.java" />
      <jump line="80" column="30" filename="D:/compass/zhenai-data-warehouse/zhenai-data-warehouse-manager/src/main/java/com/zhenai/data/service/migration/impl/RunScheduler.java" />
      <jump line="72" column="12" filename="D:/compass/zhenai-data-warehouse/zhenai-data-warehouse-manager/src/main/java/com/zhenai/data/service/migration/impl/MigrationSchedulerServiceImpl.java" />
      <jump line="38" column="0" filename="D:/compass/zhenai-data-warehouse/zhenai-data-warehouse-manager/src/main/java/com/zhenai/data/service/migration/impl/MigrationSchedulerServiceImpl.java" />
      <jump line="70" column="12" filename="D:/compass/zhenai-data-warehouse/zhenai-data-warehouse-manager/src/main/java/com/zhenai/data/service/migration/impl/RunScheduler.java" />
      <jump line="33" column="0" filename="D:/compass/zhenai-data-warehouse/zhenai-data-warehouse-manager/src/main/java/com/zhenai/data/service/migration/impl/MigrationSchedulerServiceImpl.java" />
      <jump line="22" column="103" filename="D:/webtest/java-design-pattern/src/main/java/com/demo/pattern/test/TestTemp3.java" />
      <jump line="29" column="82" filename="D:/webtest/java-design-pattern/src/main/java/com/demo/pattern/test/TestTemp3.java" />
      <jump line="28" column="13" filename="D:/webtest/java-design-pattern/src/main/java/com/demo/pattern/test/TestTemp3.java" />
      <jump line="20" column="77" filename="D:/webtest/java-design-pattern/src/main/java/com/demo/pattern/test/TestTemp3.java" />
      <jump line="80" column="49" filename="D:/compass/zhenai-data-warehouse/zhenai-data-warehouse-manager/src/main/java/com/zhenai/data/service/migration/impl/MigrationSchedulerServiceImpl.java" />
      <jump line="85" column="54" filename="D:/compass/zhenai-data-warehouse/zhenai-data-warehouse-manager/src/main/java/com/zhenai/data/service/migration/impl/MigrationSchedulerServiceImpl.java" />
      <jump line="41" column="12" filename="D:/compass/zhenai-data-warehouse/zhenai-data-warehouse-manager/src/main/java/com/zhenai/data/service/migration/impl/MigrationSchedulerServiceImpl.java" />
      <jump line="39" column="12" filename="D:/compass/zhenai-data-warehouse/zhenai-data-warehouse-manager/src/main/java/com/zhenai/data/service/migration/impl/MigrationSchedulerServiceImpl.java" />
      <jump line="40" column="0" filename="D:/compass/zhenai-data-warehouse/zhenai-data-warehouse-manager/src/main/java/com/zhenai/data/service/migration/impl/MigrationSchedulerServiceImpl.java" />
      <jump line="52" column="29" filename="D:/compass/zhenai-data-warehouse/zhenai-data-warehouse-manager/src/main/java/com/zhenai/data/service/migration/impl/MigrationSchedulerServiceImpl.java" />
      <jump line="79" column="0" filename="D:/compass/zhenai-data-warehouse/zhenai-data-warehouse-manager/src/main/java/com/zhenai/data/service/migration/impl/MigrationSchedulerServiceImpl.java" />
      <jump line="22" column="7" filename="D:/compass/zhenai-data-warehouse/zhenai-data-warehouse-manager/src/main/resources/local/bootstrap.yml" />
      <jump line="0" column="0" filename="D:/compass/zhenai-data-warehouse/zhenai-data-warehouse-manager/src/main/resources/local/bootstrap.yml" />
      <jump line="36" column="0" filename="D:/compass/zhenai-data-warehouse/zhenai-data-warehouse-manager/src/main/java/com/zhenai/data/service/migration/impl/MigrationSchedulerServiceImpl.java" />
      <jump line="40" column="94" filename="D:/webtest/java-design-pattern/src/main/java/com/demo/pattern/test/Test4.java" />
      <jump line="41" column="46" filename="D:/webtest/java-design-pattern/src/main/java/com/demo/pattern/test/Test4.java" />
      <jump line="173" column="32" filename="D:/webtest/java-design-pattern/src/main/java/com/demo/pattern/Tmp.sql" />
      <jump line="122" column="79" filename="D:/webtest/java-design-pattern/src/main/java/com/demo/pattern/Tmp.sql" />
      <jump line="18" column="21" filename="D:/webtest/java-design-pattern/src/main/java/com/demo/pattern/Tmp.sql" />
      <jump line="95" column="0" filename="D:/webtest/java-design-pattern/src/main/java/com/demo/pattern/Tmp.sql" />
      <jump line="20" column="0" filename="D:/webtest/java-design-pattern/src/main/java/com/demo/pattern/Tmp.sql" />
      <jump line="97" column="0" filename="D:/webtest/java-design-pattern/src/main/java/com/demo/pattern/Tmp.sql" />
      <jump line="76" column="5" filename="D:/webtest/java-design-pattern/src/main/java/com/demo/pattern/Tmp.sql" />
      <jump line="59" column="44" filename="D:/webtest/java-design-pattern/src/main/java/com/demo/pattern/Tmp.sql" />
      <jump line="94" column="0" filename="D:/webtest/java-design-pattern/src/main/java/com/demo/pattern/Tmp.sql" />
      <jump line="61" column="23" filename="D:/webtest/java-design-pattern/src/main/java/com/demo/pattern/Tmp.sql" />
      <jump line="129" column="0" filename="D:/webtest/java-design-pattern/src/main/java/com/demo/pattern/Tmp.sql" />
      <jump line="12" column="0" filename="D:/webtest/java-design-pattern/src/main/java/com/demo/pattern/Tmp.sql" />
      <jump line="71" column="0" filename="D:/webtest/java-design-pattern/src/main/java/com/demo/pattern/Tmp.sql" />
      <jump line="21" column="0" filename="D:/webtest/java-design-pattern/src/main/java/com/demo/pattern/Tmp.sql" />
      <jump line="10" column="22" filename="D:/webtest/java-design-pattern/src/main/java/com/demo/pattern/Tmp.sql" />
      <jump line="56" column="64" filename="D:/compass/zhenai-data-warehouse/zhenai-data-warehouse-manager/src/main/java/com/zhenai/data/service/migration/impl/RunScheduler.java" />
      <jump line="63" column="47" filename="D:/compass/zhenai-data-warehouse/zhenai-data-warehouse-manager/src/main/java/com/zhenai/data/service/migration/impl/RunScheduler.java" />
      <jump line="85" column="7" filename="D:/compass/zhenai-data-warehouse/zhenai-data-warehouse-manager/src/main/java/com/zhenai/data/service/migration/impl/RunScheduler.java" />
      <jump line="20" column="33" filename="D:/compass/zhenai-data-warehouse/zhenai-data-warehouse-manager/src/main/java/com/zhenai/data/controller/migration/MigrationController.java" />
      <jump line="180" column="60" filename="D:/webtest/java-design-pattern/src/main/java/com/demo/pattern/Tmp.sql" />
      <jump line="43" column="48" filename="D:/compass/zhenai-data-warehouse/zhenai-data-warehouse-manager/src/main/java/com/zhenai/data/service/migration/impl/MigrationServiceImpl.java" />
      <jump line="45" column="16" filename="D:/compass/zhenai-data-warehouse/zhenai-data-warehouse-manager/src/main/java/com/zhenai/data/service/migration/impl/MigrationServiceImpl.java" />
      <jump line="47" column="117" filename="D:/compass/zhenai-data-warehouse/zhenai-data-warehouse-manager/src/main/java/com/zhenai/data/controller/migration/MigrationController.java" />
      <jump line="77" column="17" filename="D:/compass/zhenai-data-warehouse/zhenai-data-warehouse-manager/src/main/java/com/zhenai/data/controller/migration/MigrationController.java" />
      <jump line="87" column="22" filename="D:/compass/zhenai-data-warehouse/zhenai-data-warehouse-manager/src/main/java/com/zhenai/data/service/migration/impl/MigrationServiceImpl.java" />
      <jump line="34" column="0" filename="D:/webtest/java-design-pattern/src/main/java/com/demo/pattern/test/Test5.java" />
      <jump line="98" column="16" filename="D:/webtest/java-design-pattern/src/main/java/com/demo/pattern/test/Test5.java" />
      <jump line="1301" column="21" filename="C:/Program Files/Java/jdk1.8.0_211/src.zip!/java/util/concurrent/CompletableFuture.java" />
      <jump line="1302" column="43" filename="C:/Program Files/Java/jdk1.8.0_211/src.zip!/java/util/concurrent/CompletableFuture.java" />
      <jump line="72" column="69" filename="$MAVEN_REPOSITORY$/org/springframework/boot/spring-boot-autoconfigure/2.3.6.RELEASE/spring-boot-autoconfigure-2.3.6.RELEASE.jar!/META-INF/spring.factories" />
      <jump line="157" column="53" filename="$MAVEN_REPOSITORY$/org/springframework/boot/spring-boot-autoconfigure/2.3.6.RELEASE/spring-boot-autoconfigure-2.3.6.RELEASE.jar!/org/springframework/boot/autoconfigure/jdbc/DataSourceInitializer.class" />
      <jump line="67" column="0" filename="D:/webtest/vm-springcloud-gateway/pom.xml" />
      <jump line="29" column="0" filename="D:/webtest/vm-springcloud-gateway/pom.xml" />
      <jump line="35" column="69" filename="$MAVEN_REPOSITORY$/org/springframework/boot/spring-boot-autoconfigure/2.3.6.RELEASE/spring-boot-autoconfigure-2.3.6.RELEASE.jar!/META-INF/spring.factories" />
      <jump line="81" column="55" filename="$MAVEN_REPOSITORY$/org/springframework/boot/spring-boot-autoconfigure/2.3.6.RELEASE/spring-boot-autoconfigure-2.3.6.RELEASE.jar!/META-INF/spring.factories" />
      <jump line="82" column="44" filename="$MAVEN_REPOSITORY$/org/springframework/boot/spring-boot-autoconfigure/2.3.6.RELEASE/spring-boot-autoconfigure-2.3.6.RELEASE.jar!/META-INF/spring.factories" />
      <jump line="154" column="44" filename="$MAVEN_REPOSITORY$/org/springframework/boot/spring-boot-autoconfigure/2.3.6.RELEASE/spring-boot-autoconfigure-2.3.6.RELEASE.jar!/META-INF/spring.factories" />
      <jump line="33" column="63" filename="$MAVEN_REPOSITORY$/org/springframework/boot/spring-boot-autoconfigure/2.3.6.RELEASE/spring-boot-autoconfigure-2.3.6.RELEASE.jar!/META-INF/spring.factories" />
      <jump line="34" column="71" filename="$MAVEN_REPOSITORY$/org/springframework/boot/spring-boot-autoconfigure/2.3.6.RELEASE/spring-boot-autoconfigure-2.3.6.RELEASE.jar!/META-INF/spring.factories" />
      <jump line="37" column="63" filename="$MAVEN_REPOSITORY$/org/springframework/boot/spring-boot-autoconfigure/2.3.6.RELEASE/spring-boot-autoconfigure-2.3.6.RELEASE.jar!/META-INF/spring.factories" />
      <jump line="38" column="71" filename="$MAVEN_REPOSITORY$/org/springframework/boot/spring-boot-autoconfigure/2.3.6.RELEASE/spring-boot-autoconfigure-2.3.6.RELEASE.jar!/META-INF/spring.factories" />
      <jump line="41" column="71" filename="$MAVEN_REPOSITORY$/org/springframework/boot/spring-boot-autoconfigure/2.3.6.RELEASE/spring-boot-autoconfigure-2.3.6.RELEASE.jar!/META-INF/spring.factories" />
      <jump line="48" column="55" filename="$MAVEN_REPOSITORY$/org/springframework/boot/spring-boot-autoconfigure/2.3.6.RELEASE/spring-boot-autoconfigure-2.3.6.RELEASE.jar!/META-INF/spring.factories" />
      <jump line="60" column="0" filename="D:/webtest/springboot-test1/src/main/java/com/vm/test/spring/IBeanDefinitionRegistryPostProcessor.java" />
      <jump line="87" column="23" filename="D:/webtest/springboot-test1/src/main/java/com/vm/test/spring/IBeanDefinitionRegistryPostProcessor.java" />
      <jump line="22" column="61" filename="$MAVEN_REPOSITORY$/org/springframework/boot/spring-boot-autoconfigure/2.3.6.RELEASE/spring-boot-autoconfigure-2.3.6.RELEASE.jar!/META-INF/spring.factories" />
      <jump line="868" column="45" filename="$MAVEN_REPOSITORY$/org/springframework/boot/spring-boot-dependencies/2.3.6.RELEASE/spring-boot-dependencies-2.3.6.RELEASE.pom" />
      <jump line="873" column="19" filename="$MAVEN_REPOSITORY$/org/springframework/boot/spring-boot-dependencies/2.3.6.RELEASE/spring-boot-dependencies-2.3.6.RELEASE.pom" />
      <jump line="24" column="40" filename="D:/webtest/springboot-test1/src/main/java/com/vm/test/config/ErrorView.java" />
    </jumps>
  </component>
  <component name="VimRegisterSettings">
    <registers>
      <register name="&quot;" type="2">
        <text encoding="base64">ICAgICAgICByZXR1cm4gdGhpcy5pc1ZhbGlkOwo=</text>
      </register>
      <register name="-" type="4">
        <text>return true;</text>
      </register>
      <register name="/" type="4">
        <text>hibernate-validator.version</text>
      </register>
      <register name="0" type="2">
        <text encoding="base64">ICAgIEBNYXgodmFsdWUgPSAxKQo=</text>
      </register>
      <register name="1" type="2">
        <text encoding="base64">ICAgICAgICByZXR1cm4gdGhpcy5pc1ZhbGlkOwo=</text>
      </register>
      <register name="2" type="2">
        <text encoding="base64">ICAgICAgICB9Cg==</text>
      </register>
      <register name="3" type="2">
        <text encoding="base64">ICAgICAgICBpZiAoIXRoaXMuaXNWYWxpZCkgewo=</text>
      </register>
      <register name="4" type="2">
        <text encoding="base64">ICAgICAgICAgICAgdGhpcy5pc1ZhbGlkID0gdHJ1ZTsK</text>
      </register>
      <register name="5" type="2">
        <text encoding="base64">Cg==</text>
      </register>
      <register name="6" type="2">
        <text encoding="base64">ICAgIHByaXZhdGUgYm9vbGVhbiBpc1ZhbGlkID0gZmFsc2U7Cg==</text>
      </register>
      <register name="7" type="2">
        <text encoding="base64">Cg==</text>
      </register>
      <register name="8" type="2">
        <text encoding="base64">ICAgICAgICAgICAgIm1lc3NhZ2V9IjsK</text>
      </register>
      <register name="9" type="2">
        <text encoding="base64">ICAgIFN0cmluZyBtZXNzYWdlKCkgZGVmYXVsdCAie29yZy5oaWJlcm5hdGUudmFsaWRhdG9yLnJlZmVyZW5jZWd1aWRlLmNoYXB0ZXIwNi5DaGVja0Nhc2UuIiArCg==</text>
      </register>
      <register name=":" type="4">
        <text>w</text>
      </register>
    </registers>
  </component>
  <component name="VimSearchSettings">
    <search>
      <last-search>hibernate-validator.version</last-search>
      <last-offset />
      <last-pattern>hibernate-validator.version</last-pattern>
      <last-replace>dwd_za_app_moment_content_d_all_tmp01_${yyyymmdd}</last-replace>
      <last-substitute>hibernate-validator.version</last-substitute>
      <last-dir>1</last-dir>
      <show-last>false</show-last>
    </search>
  </component>
  <component name="VimSettings">
    <state version="6" enabled="true" />
    <notifications>
      <idea-join enabled="true" />
      <idea-put enabled="false" />
    </notifications>
  </component>
</application>