<keymap version="1" name="Default for Windows copy" parent="$default">
  <action id="EditorNextWord" />
  <action id="EditorPreviousWord" />
  <action id="FindInPath">
    <keyboard-shortcut first-keystroke="shift ctrl f" />
    <keyboard-shortcut first-keystroke="caps_lock" second-keystroke="caps_lock" />
  </action>
  <action id="Scala.ShowImplicits">
    <keyboard-shortcut first-keystroke="shift ctrl alt equals" />
    <keyboard-shortcut first-keystroke="shift ctrl alt add" />
  </action>
</keymap>